type,name,gu,lat,lng,address,tel,cate_mix
동물용의료용구판매업,주식회사 펫프렌즈,강남구,37.5113025,127.0498771,"서울특별시 강남구 봉은사로68길 8, DECKS 빌딩 2(법정1층)층 (삼성동)",0n--,"동물용의료용구판매업강남구0       37.494576 1       37.527672 2       37.594165 3       37.528202 4       37.648003           ...     2583    37.483105 2584    37.504964 2585    37.508142 2586    37.513317 2587    37.482349 Name: 위도, Length: 2588, dtype: float640       126.899029 1       127.127090 2       127.018231 3       127.146117 4       127.034008            ...     2583    127.127887 2584    127.097409 2585    127.116629 2586    127.123137 2587    126.944271 Name: 경도, Length: 2588, dtype: float64"
동물용의료용구판매업,이현코리아,송파구,37.5106316,127.1123939,"서울특별시 송파구 백제고분로 446, 송암빌딩 342호 (방이동)",0n--,"동물용의료용구판매업송파구0       37.494576 1       37.527672 2       37.594165 3       37.528202 4       37.648003           ...     2583    37.483105 2584    37.504964 2585    37.508142 2586    37.513317 2587    37.482349 Name: 위도, Length: 2588, dtype: float640       126.899029 1       127.127090 2       127.018231 3       127.146117 4       127.034008            ...     2583    127.127887 2584    127.097409 2585    127.116629 2586    127.123137 2587    126.944271 Name: 경도, Length: 2588, dtype: float64"
동물용의료용구판매업,포베오,서대문구,37.5633276,126.9670114,"서울특별시 서대문구 충정로6안길 27, 미근빌딩 4층 1호 (미근동)",0n--,"동물용의료용구판매업서대문구0       37.494576 1       37.527672 2       37.594165 3       37.528202 4       37.648003           ...     2583    37.483105 2584    37.504964 2585    37.508142 2586    37.513317 2587    37.482349 Name: 위도, Length: 2588, dtype: float640       126.899029 1       127.127090 2       127.018231 3       127.146117 4       127.034008            ...     2583    127.127887 2584    127.097409 2585    127.116629 2586    127.123137 2587    126.944271 Name: 경도, Length: 2588, dtype: float64"
동물용의료용구판매업,(주)지오미디어,구로구,37.5063052,126.8755048,"서울특별시 구로구 구로중앙로 237, 라이프종합공구상가 211호 (구로동)",0n--,"동물용의료용구판매업구로구0       37.494576 1       37.527672 2       37.594165 3       37.528202 4       37.648003           ...     2583    37.483105 2584    37.504964 2585    37.508142 2586    37.513317 2587    37.482349 Name: 위도, Length: 2588, dtype: float640       126.899029 1       127.127090 2       127.018231 3       127.146117 4       127.034008            ...     2583    127.127887 2584    127.097409 2585    127.116629 2586    127.123137 2587    126.944271 Name: 경도, Length: 2588, dtype: float64"
동물용의료용구판매업,톰과스누피,송파구,37.4807947,127.1208608,"서울특별시 송파구 새말로 62, 송파 푸르지오시티 A동 129호 (문정동)",0n--,"동물용의료용구판매업송파구0       37.494576 1       37.527672 2       37.594165 3       37.528202 4       37.648003           ...     2583    37.483105 2584    37.504964 2585    37.508142 2586    37.513317 2587    37.482349 Name: 위도, Length: 2588, dtype: float640       126.899029 1       127.127090 2       127.018231 3       127.146117 4       127.034008            ...     2583    127.127887 2584    127.097409 2585    127.116629 2586    127.123137 2587    126.944271 Name: 경도, Length: 2588, dtype: float64"
동물용의료용구판매업,주식회사 가람포리아,마포구,37.5450054,126.9512549,"서울특별시 마포구 마포대로 109, 제20층 제오-2002호 (공덕동, 롯데캐슬프레지던트)",0n--,"동물용의료용구판매업마포구0       37.494576 1       37.527672 2       37.594165 3       37.528202 4       37.648003           ...     2583    37.483105 2584    37.504964 2585    37.508142 2586    37.513317 2587    37.482349 Name: 위도, Length: 2588, dtype: float640       126.899029 1       127.127090 2       127.018231 3       127.146117 4       127.034008            ...     2583    127.127887 2584    127.097409 2585    127.116629 2586    127.123137 2587    126.944271 Name: 경도, Length: 2588, dtype: float64"
동물용의료용구판매업,팻츠온,서초구,37.4772625,126.9838966,"서울특별시 서초구 방배천로2길 21, 4층 486호 (방배동)",0n--,"동물용의료용구판매업서초구0       37.494576 1       37.527672 2       37.594165 3       37.528202 4       37.648003           ...     2583    37.483105 2584    37.504964 2585    37.508142 2586    37.513317 2587    37.482349 Name: 위도, Length: 2588, dtype: float640       126.899029 1       127.127090 2       127.018231 3       127.146117 4       127.034008            ...     2583    127.127887 2584    127.097409 2585    127.116629 2586    127.123137 2587    126.944271 Name: 경도, Length: 2588, dtype: float64"
동물용의료용구판매업,(주)테크플러스,금천구,37.4787235,126.878706,"서울특별시 금천구 가산디지털2로 123, 월드메르디앙2차 703호 (가산동)",0n--,"동물용의료용구판매업금천구0       37.494576 1       37.527672 2       37.594165 3       37.528202 4       37.648003           ...     2583    37.483105 2584    37.504964 2585    37.508142 2586    37.513317 2587    37.482349 Name: 위도, Length: 2588, dtype: float640       126.899029 1       127.127090 2       127.018231 3       127.146117 4       127.034008            ...     2583    127.127887 2584    127.097409 2585    127.116629 2586    127.123137 2587    126.944271 Name: 경도, Length: 2588, dtype: float64"
동물용의료용구판매업,세라노틱스(주),송파구,37.4878287,127.1206324,"서울특별시 송파구 송파대로 201, 송파 테라타워2 B동 2층 210호 (문정동)",0n--,"동물용의료용구판매업송파구0       37.494576 1       37.527672 2       37.594165 3       37.528202 4       37.648003           ...     2583    37.483105 2584    37.504964 2585    37.508142 2586    37.513317 2587    37.482349 Name: 위도, Length: 2588, dtype: float640       126.899029 1       127.127090 2       127.018231 3       127.146117 4       127.034008            ...     2583    127.127887 2584    127.097409 2585    127.116629 2586    127.123137 2587    126.944271 Name: 경도, Length: 2588, dtype: float64"
동물용의료용구판매업,한미헬스케어,송파구,37.5166031,127.1139677,"서울특별시 송파구 위례성대로 14, 한미타워 (방이동)",0n--,"동물용의료용구판매업송파구0       37.494576 1       37.527672 2       37.594165 3       37.528202 4       37.648003           ...     2583    37.483105 2584    37.504964 2585    37.508142 2586    37.513317 2587    37.482349 Name: 위도, Length: 2588, dtype: float640       126.899029 1       127.127090 2       127.018231 3       127.146117 4       127.034008            ...     2583    127.127887 2584    127.097409 2585    127.116629 2586    127.123137 2587    126.944271 Name: 경도, Length: 2588, dtype: float64"
동물용의료용구판매업,베이비몽,영등포구,37.5184591,126.9053593,서울특별시 영등포구 영중로 23 (영등포동4가),0n--,"동물용의료용구판매업영등포구0       37.494576 1       37.527672 2       37.594165 3       37.528202 4       37.648003           ...     2583    37.483105 2584    37.504964 2585    37.508142 2586    37.513317 2587    37.482349 Name: 위도, Length: 2588, dtype: float640       126.899029 1       127.127090 2       127.018231 3       127.146117 4       127.034008            ...     2583    127.127887 2584    127.097409 2585    127.116629 2586    127.123137 2587    126.944271 Name: 경도, Length: 2588, dtype: float64"
동물용의료용구판매업,베이비몽,동작구,37.4841713,126.9811114,서울특별시 동작구 동작대로23길 13 (사당동),0n--,"동물용의료용구판매업동작구0       37.494576 1       37.527672 2       37.594165 3       37.528202 4       37.648003           ...     2583    37.483105 2584    37.504964 2585    37.508142 2586    37.513317 2587    37.482349 Name: 위도, Length: 2588, dtype: float640       126.899029 1       127.127090 2       127.018231 3       127.146117 4       127.034008            ...     2583    127.127887 2584    127.097409 2585    127.116629 2586    127.123137 2587    126.944271 Name: 경도, Length: 2588, dtype: float64"
동물용의료용구판매업,주식회사 통일의료기,종로구,37.5713707,127.0083501,서울특별시 종로구 종로 273-1 (종로6가),0n--,"동물용의료용구판매업종로구0       37.494576 1       37.527672 2       37.594165 3       37.528202 4       37.648003           ...     2583    37.483105 2584    37.504964 2585    37.508142 2586    37.513317 2587    37.482349 Name: 위도, Length: 2588, dtype: float640       126.899029 1       127.127090 2       127.018231 3       127.146117 4       127.034008            ...     2583    127.127887 2584    127.097409 2585    127.116629 2586    127.123137 2587    126.944271 Name: 경도, Length: 2588, dtype: float64"
동물용의료용구판매업,가람전자,중구,37.5670649,126.9954936,"서울특별시 중구 을지로 157, 대림상가 12층 53호 (산림동)",0n--,"동물용의료용구판매업중구0       37.494576 1       37.527672 2       37.594165 3       37.528202 4       37.648003           ...     2583    37.483105 2584    37.504964 2585    37.508142 2586    37.513317 2587    37.482349 Name: 위도, Length: 2588, dtype: float640       126.899029 1       127.127090 2       127.018231 3       127.146117 4       127.034008            ...     2583    127.127887 2584    127.097409 2585    127.116629 2586    127.123137 2587    126.944271 Name: 경도, Length: 2588, dtype: float64"
동물용의료용구판매업,(주)큐어바이오,강동구,37.5553818,127.1297777,"서울특별시 강동구 올림픽로 834, 한강시티라이프 2층 (암사동)",0n--,"동물용의료용구판매업강동구0       37.494576 1       37.527672 2       37.594165 3       37.528202 4       37.648003           ...     2583    37.483105 2584    37.504964 2585    37.508142 2586    37.513317 2587    37.482349 Name: 위도, Length: 2588, dtype: float640       126.899029 1       127.127090 2       127.018231 3       127.146117 4       127.034008            ...     2583    127.127887 2584    127.097409 2585    127.116629 2586    127.123137 2587    126.944271 Name: 경도, Length: 2588, dtype: float64"
동물용의료용구판매업,마이스리모,마포구,37.5506767,126.9584458,"서울특별시 마포구 마포대로16나길 10-18, 1층 (공덕동)",0n--,"동물용의료용구판매업마포구0       37.494576 1       37.527672 2       37.594165 3       37.528202 4       37.648003           ...     2583    37.483105 2584    37.504964 2585    37.508142 2586    37.513317 2587    37.482349 Name: 위도, Length: 2588, dtype: float640       126.899029 1       127.127090 2       127.018231 3       127.146117 4       127.034008            ...     2583    127.127887 2584    127.097409 2585    127.116629 2586    127.123137 2587    126.944271 Name: 경도, Length: 2588, dtype: float64"
동물용의료용구판매업,폴리파크 상계점,노원구,37.6710607,127.0564235,"서울특별시 노원구 동일로 1598, 부흥빌딩 1층 우측호 (상계동)",0n--,"동물용의료용구판매업노원구0       37.494576 1       37.527672 2       37.594165 3       37.528202 4       37.648003           ...     2583    37.483105 2584    37.504964 2585    37.508142 2586    37.513317 2587    37.482349 Name: 위도, Length: 2588, dtype: float640       126.899029 1       127.127090 2       127.018231 3       127.146117 4       127.034008            ...     2583    127.127887 2584    127.097409 2585    127.116629 2586    127.123137 2587    126.944271 Name: 경도, Length: 2588, dtype: float64"
동물용의료용구판매업,주식회사 나우위,마포구,37.5394563,126.944877,"서울특별시 마포구 마포대로 25, 신한디엠빌딩 7층 736호 (마포동)",0n--,"동물용의료용구판매업마포구0       37.494576 1       37.527672 2       37.594165 3       37.528202 4       37.648003           ...     2583    37.483105 2584    37.504964 2585    37.508142 2586    37.513317 2587    37.482349 Name: 위도, Length: 2588, dtype: float640       126.899029 1       127.127090 2       127.018231 3       127.146117 4       127.034008            ...     2583    127.127887 2584    127.097409 2585    127.116629 2586    127.123137 2587    126.944271 Name: 경도, Length: 2588, dtype: float64"
동물용의료용구판매업,지앤바이오,광진구,37.5590402,127.0802655,"서울특별시 광진구 능동로 327-1, 302호 (중곡동)",0n--,"동물용의료용구판매업광진구0       37.494576 1       37.527672 2       37.594165 3       37.528202 4       37.648003           ...     2583    37.483105 2584    37.504964 2585    37.508142 2586    37.513317 2587    37.482349 Name: 위도, Length: 2588, dtype: float640       126.899029 1       127.127090 2       127.018231 3       127.146117 4       127.034008            ...     2583    127.127887 2584    127.097409 2585    127.116629 2586    127.123137 2587    126.944271 Name: 경도, Length: 2588, dtype: float64"
동물용의료용구판매업,비욘드월드 주식회사,강남구,37.4855909,127.0391614,"서울특별시 강남구 남부순환로 2645, 한독빌딩 4층 4001호 (도곡동)",0n--,"동물용의료용구판매업강남구0       37.494576 1       37.527672 2       37.594165 3       37.528202 4       37.648003           ...     2583    37.483105 2584    37.504964 2585    37.508142 2586    37.513317 2587    37.482349 Name: 위도, Length: 2588, dtype: float640       126.899029 1       127.127090 2       127.018231 3       127.146117 4       127.034008            ...     2583    127.127887 2584    127.097409 2585    127.116629 2586    127.123137 2587    126.944271 Name: 경도, Length: 2588, dtype: float64"
동물용의료용구판매업,잠실의료기,송파구,37.5119973,127.116466,"서울특별시 송파구 위례성대로6길 40, 두레빌딩 102호 (방이동)",0n--,"동물용의료용구판매업송파구0       37.494576 1       37.527672 2       37.594165 3       37.528202 4       37.648003           ...     2583    37.483105 2584    37.504964 2585    37.508142 2586    37.513317 2587    37.482349 Name: 위도, Length: 2588, dtype: float640       126.899029 1       127.127090 2       127.018231 3       127.146117 4       127.034008            ...     2583    127.127887 2584    127.097409 2585    127.116629 2586    127.123137 2587    126.944271 Name: 경도, Length: 2588, dtype: float64"
동물용의료용구판매업,(주)신세계티비쇼핑,성동구,37.5478862,127.0465607,"서울특별시 성동구 아차산로 17, 서울숲 L-Tower 3층 305호 (성수동1가)",0n--,"동물용의료용구판매업성동구0       37.494576 1       37.527672 2       37.594165 3       37.528202 4       37.648003           ...     2583    37.483105 2584    37.504964 2585    37.508142 2586    37.513317 2587    37.482349 Name: 위도, Length: 2588, dtype: float640       126.899029 1       127.127090 2       127.018231 3       127.146117 4       127.034008            ...     2583    127.127887 2584    127.097409 2585    127.116629 2586    127.123137 2587    126.944271 Name: 경도, Length: 2588, dtype: float64"
동물용의료용구판매업,(주)알에스피글로벌,송파구,37.4847656,127.1184413,"서울특별시 송파구 법원로11길 11, 문정현대지식산업센터1-1 A동 410호 (문정동)",0n--,"동물용의료용구판매업송파구0       37.494576 1       37.527672 2       37.594165 3       37.528202 4       37.648003           ...     2583    37.483105 2584    37.504964 2585    37.508142 2586    37.513317 2587    37.482349 Name: 위도, Length: 2588, dtype: float640       126.899029 1       127.127090 2       127.018231 3       127.146117 4       127.034008            ...     2583    127.127887 2584    127.097409 2585    127.116629 2586    127.123137 2587    126.944271 Name: 경도, Length: 2588, dtype: float64"
동물용의료용구판매업,(주)호텔롯데 롯데면세점 코엑스점,강남구,37.5128784,127.0572911,"서울특별시 강남구 봉은사로 524, 코엑스인터콘티넨탈서울 지하2층 (삼성동)",0n--,"동물용의료용구판매업강남구0       37.494576 1       37.527672 2       37.594165 3       37.528202 4       37.648003           ...     2583    37.483105 2584    37.504964 2585    37.508142 2586    37.513317 2587    37.482349 Name: 위도, Length: 2588, dtype: float640       126.899029 1       127.127090 2       127.018231 3       127.146117 4       127.034008            ...     2583    127.127887 2584    127.097409 2585    127.116629 2586    127.123137 2587    126.944271 Name: 경도, Length: 2588, dtype: float64"
동물용의료용구판매업,큐찬스(주),영등포구,37.514369,126.9260795,"서울특별시 영등포구 여의대방로61길 2, 천록빌딩 1110호 (신길동)",0n--,"동물용의료용구판매업영등포구0       37.494576 1       37.527672 2       37.594165 3       37.528202 4       37.648003           ...     2583    37.483105 2584    37.504964 2585    37.508142 2586    37.513317 2587    37.482349 Name: 위도, Length: 2588, dtype: float640       126.899029 1       127.127090 2       127.018231 3       127.146117 4       127.034008            ...     2583    127.127887 2584    127.097409 2585    127.116629 2586    127.123137 2587    126.944271 Name: 경도, Length: 2588, dtype: float64"
동물용의료용구판매업,주식회사 한길반도체,구로구,37.4976985,126.8922636,"서울특별시 구로구 공원로 3, 선경오피스텔 3층 3호 (구로동)",0n--,"동물용의료용구판매업구로구0       37.494576 1       37.527672 2       37.594165 3       37.528202 4       37.648003           ...     2583    37.483105 2584    37.504964 2585    37.508142 2586    37.513317 2587    37.482349 Name: 위도, Length: 2588, dtype: float640       126.899029 1       127.127090 2       127.018231 3       127.146117 4       127.034008            ...     2583    127.127887 2584    127.097409 2585    127.116629 2586    127.123137 2587    126.944271 Name: 경도, Length: 2588, dtype: float64"
동물용의료용구판매업,(주)베스트유어즈,금천구,37.4799926,126.8770398,"서울특별시 금천구 서부샛길 606, 대성디폴리스지식산업센터 비동 2603-1호 (가산동)",0n--,"동물용의료용구판매업금천구0       37.494576 1       37.527672 2       37.594165 3       37.528202 4       37.648003           ...     2583    37.483105 2584    37.504964 2585    37.508142 2586    37.513317 2587    37.482349 Name: 위도, Length: 2588, dtype: float640       126.899029 1       127.127090 2       127.018231 3       127.146117 4       127.034008            ...     2583    127.127887 2584    127.097409 2585    127.116629 2586    127.123137 2587    126.944271 Name: 경도, Length: 2588, dtype: float64"
동물용의료용구판매업,성진메드,동작구,37.4839677,126.9797463,서울특별시 동작구 동작대로21길 36 (사당동),0n--,"동물용의료용구판매업동작구0       37.494576 1       37.527672 2       37.594165 3       37.528202 4       37.648003           ...     2583    37.483105 2584    37.504964 2585    37.508142 2586    37.513317 2587    37.482349 Name: 위도, Length: 2588, dtype: float640       126.899029 1       127.127090 2       127.018231 3       127.146117 4       127.034008            ...     2583    127.127887 2584    127.097409 2585    127.116629 2586    127.123137 2587    126.944271 Name: 경도, Length: 2588, dtype: float64"
동물용의료용구판매업,주식회사 날라주,노원구,37.6201812,127.076949,"서울특별시 노원구 동일로174길 27, 서울창업디딤터 208호 (공릉동)",0n--,"동물용의료용구판매업노원구0       37.494576 1       37.527672 2       37.594165 3       37.528202 4       37.648003           ...     2583    37.483105 2584    37.504964 2585    37.508142 2586    37.513317 2587    37.482349 Name: 위도, Length: 2588, dtype: float640       126.899029 1       127.127090 2       127.018231 3       127.146117 4       127.034008            ...     2583    127.127887 2584    127.097409 2585    127.116629 2586    127.123137 2587    126.944271 Name: 경도, Length: 2588, dtype: float64"
동물용의료용구판매업,유니메드제약(주),송파구,37.5050521,127.0882556,"서울특별시 송파구 삼전로 69, 유니메드빌딩 5층 (잠실동)",0n--,"동물용의료용구판매업송파구0       37.494576 1       37.527672 2       37.594165 3       37.528202 4       37.648003           ...     2583    37.483105 2584    37.504964 2585    37.508142 2586    37.513317 2587    37.482349 Name: 위도, Length: 2588, dtype: float640       126.899029 1       127.127090 2       127.018231 3       127.146117 4       127.034008            ...     2583    127.127887 2584    127.097409 2585    127.116629 2586    127.123137 2587    126.944271 Name: 경도, Length: 2588, dtype: float64"
동물용의료용구판매업,엠케이(MK)물류,송파구,37.5113961,127.1236499,"서울특별시 송파구 양재대로71길 30-1, 광진빌딩 201호 (방이동)",0n--,"동물용의료용구판매업송파구0       37.494576 1       37.527672 2       37.594165 3       37.528202 4       37.648003           ...     2583    37.483105 2584    37.504964 2585    37.508142 2586    37.513317 2587    37.482349 Name: 위도, Length: 2588, dtype: float640       126.899029 1       127.127090 2       127.018231 3       127.146117 4       127.034008            ...     2583    127.127887 2584    127.097409 2585    127.116629 2586    127.123137 2587    126.944271 Name: 경도, Length: 2588, dtype: float64"
동물용의료용구판매업,엘케어,관악구,37.4626674,126.9308232,"서울특별시 관악구 밤골길 20, 지하 1층 (신림동)",0n--,"동물용의료용구판매업관악구0       37.494576 1       37.527672 2       37.594165 3       37.528202 4       37.648003           ...     2583    37.483105 2584    37.504964 2585    37.508142 2586    37.513317 2587    37.482349 Name: 위도, Length: 2588, dtype: float640       126.899029 1       127.127090 2       127.018231 3       127.146117 4       127.034008            ...     2583    127.127887 2584    127.097409 2585    127.116629 2586    127.123137 2587    126.944271 Name: 경도, Length: 2588, dtype: float64"
동물용의료용구판매업,GS25 강남동원점,강남구,37.5069356,127.0545043,"서울특별시 강남구 테헤란로77길 7, 동원빌딩 1층 (삼성동)",0n--,"동물용의료용구판매업강남구0       37.494576 1       37.527672 2       37.594165 3       37.528202 4       37.648003           ...     2583    37.483105 2584    37.504964 2585    37.508142 2586    37.513317 2587    37.482349 Name: 위도, Length: 2588, dtype: float640       126.899029 1       127.127090 2       127.018231 3       127.146117 4       127.034008            ...     2583    127.127887 2584    127.097409 2585    127.116629 2586    127.123137 2587    126.944271 Name: 경도, Length: 2588, dtype: float64"
동물용의료용구판매업,주식회사 봄프렌즈,강남구,37.515676,127.0210427,"서울특별시 강남구 도산대로4길 12, 장원빌딩 203호 (논현동)",0n--,"동물용의료용구판매업강남구0       37.494576 1       37.527672 2       37.594165 3       37.528202 4       37.648003           ...     2583    37.483105 2584    37.504964 2585    37.508142 2586    37.513317 2587    37.482349 Name: 위도, Length: 2588, dtype: float640       126.899029 1       127.127090 2       127.018231 3       127.146117 4       127.034008            ...     2583    127.127887 2584    127.097409 2585    127.116629 2586    127.123137 2587    126.944271 Name: 경도, Length: 2588, dtype: float64"
동물용의료용구판매업,GS25강남동원점,강남구,37.5069356,127.0545043,"서울특별시 강남구 테헤란로77길 7, 동원빌딩 (삼성동)",0n--,"동물용의료용구판매업강남구0       37.494576 1       37.527672 2       37.594165 3       37.528202 4       37.648003           ...     2583    37.483105 2584    37.504964 2585    37.508142 2586    37.513317 2587    37.482349 Name: 위도, Length: 2588, dtype: float640       126.899029 1       127.127090 2       127.018231 3       127.146117 4       127.034008            ...     2583    127.127887 2584    127.097409 2585    127.116629 2586    127.123137 2587    126.944271 Name: 경도, Length: 2588, dtype: float64"
동물용의료용구판매업,멍이냥이,중랑구,37.594037,127.0777507,"서울특별시 중랑구 망우로 224, 1층 (상봉동)",0n--,"동물용의료용구판매업중랑구0       37.494576 1       37.527672 2       37.594165 3       37.528202 4       37.648003           ...     2583    37.483105 2584    37.504964 2585    37.508142 2586    37.513317 2587    37.482349 Name: 위도, Length: 2588, dtype: float640       126.899029 1       127.127090 2       127.018231 3       127.146117 4       127.034008            ...     2583    127.127887 2584    127.097409 2585    127.116629 2586    127.123137 2587    126.944271 Name: 경도, Length: 2588, dtype: float64"
동물용의료용구판매업,제제(zeze),성동구,37.5586789,127.0373444,"서울특별시 성동구 왕십리로 271, 세왕빌딩 별관 1층 (행당동)",0n--,"동물용의료용구판매업성동구0       37.494576 1       37.527672 2       37.594165 3       37.528202 4       37.648003           ...     2583    37.483105 2584    37.504964 2585    37.508142 2586    37.513317 2587    37.482349 Name: 위도, Length: 2588, dtype: float640       126.899029 1       127.127090 2       127.018231 3       127.146117 4       127.034008            ...     2583    127.127887 2584    127.097409 2585    127.116629 2586    127.123137 2587    126.944271 Name: 경도, Length: 2588, dtype: float64"
동물용의료용구판매업,상상홀릭,도봉구,37.6550369,127.0413298,"서울특별시 도봉구 해등로14길 9, 1층 (창동)",0n--,"동물용의료용구판매업도봉구0       37.494576 1       37.527672 2       37.594165 3       37.528202 4       37.648003           ...     2583    37.483105 2584    37.504964 2585    37.508142 2586    37.513317 2587    37.482349 Name: 위도, Length: 2588, dtype: float640       126.899029 1       127.127090 2       127.018231 3       127.146117 4       127.034008            ...     2583    127.127887 2584    127.097409 2585    127.116629 2586    127.123137 2587    126.944271 Name: 경도, Length: 2588, dtype: float64"
동물용의료용구판매업,동방시스템 주식회사,중구,37.5630561,126.9813627,"서울특별시 중구 남대문로 63, 한진빌딩 22층 (소공동)",0n--,"동물용의료용구판매업중구0       37.494576 1       37.527672 2       37.594165 3       37.528202 4       37.648003           ...     2583    37.483105 2584    37.504964 2585    37.508142 2586    37.513317 2587    37.482349 Name: 위도, Length: 2588, dtype: float640       126.899029 1       127.127090 2       127.018231 3       127.146117 4       127.034008            ...     2583    127.127887 2584    127.097409 2585    127.116629 2586    127.123137 2587    126.944271 Name: 경도, Length: 2588, dtype: float64"
동물용의료용구판매업,(주)세일케이엠,강서구,37.5551916,126.8574217,"서울특별시 강서구 공항대로51길 17, 1층 (등촌동)",0n--,"동물용의료용구판매업강서구0       37.494576 1       37.527672 2       37.594165 3       37.528202 4       37.648003           ...     2583    37.483105 2584    37.504964 2585    37.508142 2586    37.513317 2587    37.482349 Name: 위도, Length: 2588, dtype: float640       126.899029 1       127.127090 2       127.018231 3       127.146117 4       127.034008            ...     2583    127.127887 2584    127.097409 2585    127.116629 2586    127.123137 2587    126.944271 Name: 경도, Length: 2588, dtype: float64"
동물용의료용구판매업,(주)펫슬랩(PETXLAB),강남구,37.5264055,127.0305563,"서울특별시 강남구 압구정로34길 26, 4층 (신사동)",0n--,"동물용의료용구판매업강남구0       37.494576 1       37.527672 2       37.594165 3       37.528202 4       37.648003           ...     2583    37.483105 2584    37.504964 2585    37.508142 2586    37.513317 2587    37.482349 Name: 위도, Length: 2588, dtype: float640       126.899029 1       127.127090 2       127.018231 3       127.146117 4       127.034008            ...     2583    127.127887 2584    127.097409 2585    127.116629 2586    127.123137 2587    126.944271 Name: 경도, Length: 2588, dtype: float64"
동물용의료용구판매업,대한의료인메디컬지원센터,강동구,37.528901,127.1210344,"서울특별시 강동구 성내로6길 34-24, 우창빌딩 2층 202호 (성내동)",0n--,"동물용의료용구판매업강동구0       37.494576 1       37.527672 2       37.594165 3       37.528202 4       37.648003           ...     2583    37.483105 2584    37.504964 2585    37.508142 2586    37.513317 2587    37.482349 Name: 위도, Length: 2588, dtype: float640       126.899029 1       127.127090 2       127.018231 3       127.146117 4       127.034008            ...     2583    127.127887 2584    127.097409 2585    127.116629 2586    127.123137 2587    126.944271 Name: 경도, Length: 2588, dtype: float64"
동물용의료용구판매업,대한의료인메디컬지원센터,송파구,37.5354971,127.1155216,"서울특별시 송파구 풍성로5길 6, 2층 1호 (풍납동)",0n--,"동물용의료용구판매업송파구0       37.494576 1       37.527672 2       37.594165 3       37.528202 4       37.648003           ...     2583    37.483105 2584    37.504964 2585    37.508142 2586    37.513317 2587    37.482349 Name: 위도, Length: 2588, dtype: float640       126.899029 1       127.127090 2       127.018231 3       127.146117 4       127.034008            ...     2583    127.127887 2584    127.097409 2585    127.116629 2586    127.123137 2587    126.944271 Name: 경도, Length: 2588, dtype: float64"
동물용의료용구판매업,메디레이,강남구,37.4684587,127.0972294,"서울특별시 강남구 헌릉로569길 52-23, 지하1층 (세곡동)",0n--,"동물용의료용구판매업강남구0       37.494576 1       37.527672 2       37.594165 3       37.528202 4       37.648003           ...     2583    37.483105 2584    37.504964 2585    37.508142 2586    37.513317 2587    37.482349 Name: 위도, Length: 2588, dtype: float640       126.899029 1       127.127090 2       127.018231 3       127.146117 4       127.034008            ...     2583    127.127887 2584    127.097409 2585    127.116629 2586    127.123137 2587    126.944271 Name: 경도, Length: 2588, dtype: float64"
동물용의료용구판매업,(주)엘에스텍,강남구,37.4989854,127.0295436,"서울특별시 강남구 테헤란로 113, 목화밀라트 2층 (역삼동)",0n--,"동물용의료용구판매업강남구0       37.494576 1       37.527672 2       37.594165 3       37.528202 4       37.648003           ...     2583    37.483105 2584    37.504964 2585    37.508142 2586    37.513317 2587    37.482349 Name: 위도, Length: 2588, dtype: float640       126.899029 1       127.127090 2       127.018231 3       127.146117 4       127.034008            ...     2583    127.127887 2584    127.097409 2585    127.116629 2586    127.123137 2587    126.944271 Name: 경도, Length: 2588, dtype: float64"
동물용의료용구판매업,(주)코젠바이오텍,금천구,37.4799665,126.8826362,"서울특별시 금천구 가산디지털1로 168, 우림라이온스밸리 비동 비120호 (가산동)",0n--,"동물용의료용구판매업금천구0       37.494576 1       37.527672 2       37.594165 3       37.528202 4       37.648003           ...     2583    37.483105 2584    37.504964 2585    37.508142 2586    37.513317 2587    37.482349 Name: 위도, Length: 2588, dtype: float640       126.899029 1       127.127090 2       127.018231 3       127.146117 4       127.034008            ...     2583    127.127887 2584    127.097409 2585    127.116629 2586    127.123137 2587    126.944271 Name: 경도, Length: 2588, dtype: float64"
동물용의료용구판매업,워크앤런,송파구,37.5088059,127.1329914,"서울특별시 송파구 중대로 317-10, 혜암빌딩 (오금동)",0n--,"동물용의료용구판매업송파구0       37.494576 1       37.527672 2       37.594165 3       37.528202 4       37.648003           ...     2583    37.483105 2584    37.504964 2585    37.508142 2586    37.513317 2587    37.482349 Name: 위도, Length: 2588, dtype: float640       126.899029 1       127.127090 2       127.018231 3       127.146117 4       127.034008            ...     2583    127.127887 2584    127.097409 2585    127.116629 2586    127.123137 2587    126.944271 Name: 경도, Length: 2588, dtype: float64"
동물용의료용구판매업,주식회사 포파코 홍대지점,마포구,37.5572655,126.9227875,"서울특별시 마포구 동교로 192-1, 1층 101호 (동교동)",0n--,"동물용의료용구판매업마포구0       37.494576 1       37.527672 2       37.594165 3       37.528202 4       37.648003           ...     2583    37.483105 2584    37.504964 2585    37.508142 2586    37.513317 2587    37.482349 Name: 위도, Length: 2588, dtype: float640       126.899029 1       127.127090 2       127.018231 3       127.146117 4       127.034008            ...     2583    127.127887 2584    127.097409 2585    127.116629 2586    127.123137 2587    126.944271 Name: 경도, Length: 2588, dtype: float64"
동물용의료용구판매업,(주)정호이엔피,용산구,37.5327771,126.9596573,"서울특별시 용산구 청파로 74, 전자랜드 본관동 1층 C-112호 (한강로3가)",0n--,"동물용의료용구판매업용산구0       37.494576 1       37.527672 2       37.594165 3       37.528202 4       37.648003           ...     2583    37.483105 2584    37.504964 2585    37.508142 2586    37.513317 2587    37.482349 Name: 위도, Length: 2588, dtype: float640       126.899029 1       127.127090 2       127.018231 3       127.146117 4       127.034008            ...     2583    127.127887 2584    127.097409 2585    127.116629 2586    127.123137 2587    126.944271 Name: 경도, Length: 2588, dtype: float64"
동물용의료용구판매업,(주)삼신이앤비,용산구,37.5460789,126.9722227,"서울특별시 용산구 한강대로 312, 1층 (갈월동)",0n--,"동물용의료용구판매업용산구0       37.494576 1       37.527672 2       37.594165 3       37.528202 4       37.648003           ...     2583    37.483105 2584    37.504964 2585    37.508142 2586    37.513317 2587    37.482349 Name: 위도, Length: 2588, dtype: float640       126.899029 1       127.127090 2       127.018231 3       127.146117 4       127.034008            ...     2583    127.127887 2584    127.097409 2585    127.116629 2586    127.123137 2587    126.944271 Name: 경도, Length: 2588, dtype: float64"
동물용의료용구판매업,(주)엠씨씨바이오,성동구,37.5433972,127.05728,"서울특별시 성동구 연무장11길 15, 청운재 6층 (성수동2가)",0n--,"동물용의료용구판매업성동구0       37.494576 1       37.527672 2       37.594165 3       37.528202 4       37.648003           ...     2583    37.483105 2584    37.504964 2585    37.508142 2586    37.513317 2587    37.482349 Name: 위도, Length: 2588, dtype: float640       126.899029 1       127.127090 2       127.018231 3       127.146117 4       127.034008            ...     2583    127.127887 2584    127.097409 2585    127.116629 2586    127.123137 2587    126.944271 Name: 경도, Length: 2588, dtype: float64"
동물용의료용구판매업,애견용품할인매장 도그버디 삼전점,송파구,37.503824,127.0890209,"서울특별시 송파구 백제고분로 202, 두레빌딩 1층 101호 (삼전동)",0n--,"동물용의료용구판매업송파구0       37.494576 1       37.527672 2       37.594165 3       37.528202 4       37.648003           ...     2583    37.483105 2584    37.504964 2585    37.508142 2586    37.513317 2587    37.482349 Name: 위도, Length: 2588, dtype: float640       126.899029 1       127.127090 2       127.018231 3       127.146117 4       127.034008            ...     2583    127.127887 2584    127.097409 2585    127.116629 2586    127.123137 2587    126.944271 Name: 경도, Length: 2588, dtype: float64"
동물용의료용구판매업,애완용품할인매장 도그버디-방이점,송파구,37.5102529,127.1172573,서울특별시 송파구 백제고분로48길 40 (방이동),0n--,"동물용의료용구판매업송파구0       37.494576 1       37.527672 2       37.594165 3       37.528202 4       37.648003           ...     2583    37.483105 2584    37.504964 2585    37.508142 2586    37.513317 2587    37.482349 Name: 위도, Length: 2588, dtype: float640       126.899029 1       127.127090 2       127.018231 3       127.146117 4       127.034008            ...     2583    127.127887 2584    127.097409 2585    127.116629 2586    127.123137 2587    126.944271 Name: 경도, Length: 2588, dtype: float64"
동물용의료용구판매업,애완용품할인매장 도그버디-잠실점,송파구,37.508428,127.0862321,"서울특별시 송파구 석촌호수로12길 1-18, 1층 (잠실동)",0n--,"동물용의료용구판매업송파구0       37.494576 1       37.527672 2       37.594165 3       37.528202 4       37.648003           ...     2583    37.483105 2584    37.504964 2585    37.508142 2586    37.513317 2587    37.482349 Name: 위도, Length: 2588, dtype: float640       126.899029 1       127.127090 2       127.018231 3       127.146117 4       127.034008            ...     2583    127.127887 2584    127.097409 2585    127.116629 2586    127.123137 2587    126.944271 Name: 경도, Length: 2588, dtype: float64"
동물용의료용구판매업,(주)에이스빌,서대문구,37.5636507,126.954994,"서울특별시 서대문구 북아현로 72-10, 남미빌딩 2층 202호 (북아현동)",0n--,"동물용의료용구판매업서대문구0       37.494576 1       37.527672 2       37.594165 3       37.528202 4       37.648003           ...     2583    37.483105 2584    37.504964 2585    37.508142 2586    37.513317 2587    37.482349 Name: 위도, Length: 2588, dtype: float640       126.899029 1       127.127090 2       127.018231 3       127.146117 4       127.034008            ...     2583    127.127887 2584    127.097409 2585    127.116629 2586    127.123137 2587    126.944271 Name: 경도, Length: 2588, dtype: float64"
동물용의료용구판매업,비마이펫 주식회사,서초구,37.4961123,127.0194059,"서울특별시 서초구 서초중앙로24길 55, 서초플라자 4층 401호 (서초동)",0n--,"동물용의료용구판매업서초구0       37.494576 1       37.527672 2       37.594165 3       37.528202 4       37.648003           ...     2583    37.483105 2584    37.504964 2585    37.508142 2586    37.513317 2587    37.482349 Name: 위도, Length: 2588, dtype: float640       126.899029 1       127.127090 2       127.018231 3       127.146117 4       127.034008            ...     2583    127.127887 2584    127.097409 2585    127.116629 2586    127.123137 2587    126.944271 Name: 경도, Length: 2588, dtype: float64"
동물용의료용구판매업,주식회사 마벨파트너스,강남구,37.5062358,127.0327928,"서울특별시 강남구 봉은사로24길 9, 대암빌딩 202호 (역삼동)",0n--,"동물용의료용구판매업강남구0       37.494576 1       37.527672 2       37.594165 3       37.528202 4       37.648003           ...     2583    37.483105 2584    37.504964 2585    37.508142 2586    37.513317 2587    37.482349 Name: 위도, Length: 2588, dtype: float640       126.899029 1       127.127090 2       127.018231 3       127.146117 4       127.034008            ...     2583    127.127887 2584    127.097409 2585    127.116629 2586    127.123137 2587    126.944271 Name: 경도, Length: 2588, dtype: float64"
동물용의료용구판매업,더나은,성북구,37.6066266,127.0585567,서울특별시 성북구 화랑로32길 90-1 (석관동),0n--,"동물용의료용구판매업성북구0       37.494576 1       37.527672 2       37.594165 3       37.528202 4       37.648003           ...     2583    37.483105 2584    37.504964 2585    37.508142 2586    37.513317 2587    37.482349 Name: 위도, Length: 2588, dtype: float640       126.899029 1       127.127090 2       127.018231 3       127.146117 4       127.034008            ...     2583    127.127887 2584    127.097409 2585    127.116629 2586    127.123137 2587    126.944271 Name: 경도, Length: 2588, dtype: float64"
동물용의료용구판매업,(주)에스씨포인트,성동구,37.5474332,127.0503511,"서울특별시 성동구 성수일로 77, 서울숲 IT 밸리 502호 (성수동1가)",0n--,"동물용의료용구판매업성동구0       37.494576 1       37.527672 2       37.594165 3       37.528202 4       37.648003           ...     2583    37.483105 2584    37.504964 2585    37.508142 2586    37.513317 2587    37.482349 Name: 위도, Length: 2588, dtype: float640       126.899029 1       127.127090 2       127.018231 3       127.146117 4       127.034008            ...     2583    127.127887 2584    127.097409 2585    127.116629 2586    127.123137 2587    126.944271 Name: 경도, Length: 2588, dtype: float64"
동물용의료용구판매업,폴리파크 신촌점,서대문구,37.55559,126.9363939,서울특별시 서대문구 신촌로 91 (창천동),0n--,"동물용의료용구판매업서대문구0       37.494576 1       37.527672 2       37.594165 3       37.528202 4       37.648003           ...     2583    37.483105 2584    37.504964 2585    37.508142 2586    37.513317 2587    37.482349 Name: 위도, Length: 2588, dtype: float640       126.899029 1       127.127090 2       127.018231 3       127.146117 4       127.034008            ...     2583    127.127887 2584    127.097409 2585    127.116629 2586    127.123137 2587    126.944271 Name: 경도, Length: 2588, dtype: float64"
동물용의료용구판매업,주식회사 엠트리센,강서구,37.5597528,126.8308894,"서울특별시 강서구 공항대로 209, 1117호 (마곡동)",0n--,"동물용의료용구판매업강서구0       37.494576 1       37.527672 2       37.594165 3       37.528202 4       37.648003           ...     2583    37.483105 2584    37.504964 2585    37.508142 2586    37.513317 2587    37.482349 Name: 위도, Length: 2588, dtype: float640       126.899029 1       127.127090 2       127.018231 3       127.146117 4       127.034008            ...     2583    127.127887 2584    127.097409 2585    127.116629 2586    127.123137 2587    126.944271 Name: 경도, Length: 2588, dtype: float64"
동물용의료용구판매업,폴리파크 쌍문점,도봉구,37.6560255,127.0387227,"서울특별시 도봉구 도봉로 571, 1층 (쌍문동)",0n--,"동물용의료용구판매업도봉구0       37.494576 1       37.527672 2       37.594165 3       37.528202 4       37.648003           ...     2583    37.483105 2584    37.504964 2585    37.508142 2586    37.513317 2587    37.482349 Name: 위도, Length: 2588, dtype: float640       126.899029 1       127.127090 2       127.018231 3       127.146117 4       127.034008            ...     2583    127.127887 2584    127.097409 2585    127.116629 2586    127.123137 2587    126.944271 Name: 경도, Length: 2588, dtype: float64"
동물용의료용구판매업,주식회사 헬로,송파구,37.5008302,127.1475806,"서울특별시 송파구 거마로 89, 대우빌딩 3층 (마천동)",0n--,"동물용의료용구판매업송파구0       37.494576 1       37.527672 2       37.594165 3       37.528202 4       37.648003           ...     2583    37.483105 2584    37.504964 2585    37.508142 2586    37.513317 2587    37.482349 Name: 위도, Length: 2588, dtype: float640       126.899029 1       127.127090 2       127.018231 3       127.146117 4       127.034008            ...     2583    127.127887 2584    127.097409 2585    127.116629 2586    127.123137 2587    126.944271 Name: 경도, Length: 2588, dtype: float64"
동물용의료용구판매업,찹앤찹,마포구,37.5569371,126.9233225,"서울특별시 마포구 양화로 161, 케이스퀘어 612호 (동교동)",0n--,"동물용의료용구판매업마포구0       37.494576 1       37.527672 2       37.594165 3       37.528202 4       37.648003           ...     2583    37.483105 2584    37.504964 2585    37.508142 2586    37.513317 2587    37.482349 Name: 위도, Length: 2588, dtype: float640       126.899029 1       127.127090 2       127.018231 3       127.146117 4       127.034008            ...     2583    127.127887 2584    127.097409 2585    127.116629 2586    127.123137 2587    126.944271 Name: 경도, Length: 2588, dtype: float64"
동물용의료용구판매업,폴리파크 신림점,관악구,37.4894386,126.9265867,"서울특별시 관악구 봉천로 226, 금오빌딩 (신림동)",0n--,"동물용의료용구판매업관악구0       37.494576 1       37.527672 2       37.594165 3       37.528202 4       37.648003           ...     2583    37.483105 2584    37.504964 2585    37.508142 2586    37.513317 2587    37.482349 Name: 위도, Length: 2588, dtype: float640       126.899029 1       127.127090 2       127.018231 3       127.146117 4       127.034008            ...     2583    127.127887 2584    127.097409 2585    127.116629 2586    127.123137 2587    126.944271 Name: 경도, Length: 2588, dtype: float64"
동물용의료용구판매업,폴리파크 역삼점,강남구,37.4946264,127.0357795,"서울특별시 강남구 역삼로 150, 영빌딩 (역삼동)",0n--,"동물용의료용구판매업강남구0       37.494576 1       37.527672 2       37.594165 3       37.528202 4       37.648003           ...     2583    37.483105 2584    37.504964 2585    37.508142 2586    37.513317 2587    37.482349 Name: 위도, Length: 2588, dtype: float640       126.899029 1       127.127090 2       127.018231 3       127.146117 4       127.034008            ...     2583    127.127887 2584    127.097409 2585    127.116629 2586    127.123137 2587    126.944271 Name: 경도, Length: 2588, dtype: float64"
동물용의료용구판매업,폴리파크 둔촌점,강동구,37.5312878,127.1379997,"서울특별시 강동구 양재대로 1404, 정원빌딩 (둔촌동)",0n--,"동물용의료용구판매업강동구0       37.494576 1       37.527672 2       37.594165 3       37.528202 4       37.648003           ...     2583    37.483105 2584    37.504964 2585    37.508142 2586    37.513317 2587    37.482349 Name: 위도, Length: 2588, dtype: float640       126.899029 1       127.127090 2       127.018231 3       127.146117 4       127.034008            ...     2583    127.127887 2584    127.097409 2585    127.116629 2586    127.123137 2587    126.944271 Name: 경도, Length: 2588, dtype: float64"
동물용의료용구판매업,롯데쇼핑(주) 롯데마트사업본부,송파구,37.5144295,127.1006486,"서울특별시 송파구 올림픽로 269, 6층 (신천동, 롯데캐슬골드)",0n--,"동물용의료용구판매업송파구0       37.494576 1       37.527672 2       37.594165 3       37.528202 4       37.648003           ...     2583    37.483105 2584    37.504964 2585    37.508142 2586    37.513317 2587    37.482349 Name: 위도, Length: 2588, dtype: float640       126.899029 1       127.127090 2       127.018231 3       127.146117 4       127.034008            ...     2583    127.127887 2584    127.097409 2585    127.116629 2586    127.123137 2587    126.944271 Name: 경도, Length: 2588, dtype: float64"
동물용의료용구판매업,기프트 펫,송파구,37.476495,127.1422214,"서울특별시 송파구 위례광장로 136, 상가-3동 1층 C-113호 (장지동, 위례아이파크)",0n--,"동물용의료용구판매업송파구0       37.494576 1       37.527672 2       37.594165 3       37.528202 4       37.648003           ...     2583    37.483105 2584    37.504964 2585    37.508142 2586    37.513317 2587    37.482349 Name: 위도, Length: 2588, dtype: float640       126.899029 1       127.127090 2       127.018231 3       127.146117 4       127.034008            ...     2583    127.127887 2584    127.097409 2585    127.116629 2586    127.123137 2587    126.944271 Name: 경도, Length: 2588, dtype: float64"
동물용의료용구판매업,시온하이텍,금천구,37.4842559,126.8780421,"서울특별시 금천구 가산디지털2로 184, 벽산디지털밸리2차 112호 (가산동)",0n--,"동물용의료용구판매업금천구0       37.494576 1       37.527672 2       37.594165 3       37.528202 4       37.648003           ...     2583    37.483105 2584    37.504964 2585    37.508142 2586    37.513317 2587    37.482349 Name: 위도, Length: 2588, dtype: float640       126.899029 1       127.127090 2       127.018231 3       127.146117 4       127.034008            ...     2583    127.127887 2584    127.097409 2585    127.116629 2586    127.123137 2587    126.944271 Name: 경도, Length: 2588, dtype: float64"
동물용의료용구판매업,(주)케이디알한국기업서비스,중구,37.5659703,127.0205065,"서울특별시 중구 퇴계로 439, 기업은행성동지점 (황학동)",0n--,"동물용의료용구판매업중구0       37.494576 1       37.527672 2       37.594165 3       37.528202 4       37.648003           ...     2583    37.483105 2584    37.504964 2585    37.508142 2586    37.513317 2587    37.482349 Name: 위도, Length: 2588, dtype: float640       126.899029 1       127.127090 2       127.018231 3       127.146117 4       127.034008            ...     2583    127.127887 2584    127.097409 2585    127.116629 2586    127.123137 2587    126.944271 Name: 경도, Length: 2588, dtype: float64"
동물용의료용구판매업,주식회사 바잇미,서초구,37.5135862,127.01876,"서울특별시 서초구 강남대로95길 19-4, 호영빌딩 1층 101호 (잠원동)",0n--,"동물용의료용구판매업서초구0       37.494576 1       37.527672 2       37.594165 3       37.528202 4       37.648003           ...     2583    37.483105 2584    37.504964 2585    37.508142 2586    37.513317 2587    37.482349 Name: 위도, Length: 2588, dtype: float640       126.899029 1       127.127090 2       127.018231 3       127.146117 4       127.034008            ...     2583    127.127887 2584    127.097409 2585    127.116629 2586    127.123137 2587    126.944271 Name: 경도, Length: 2588, dtype: float64"
동물용의료용구판매업,주식회사 핏펫,강남구,37.5078641,127.0452387,"서울특별시 강남구 선릉로 551, 새롬빌딩 2층 (역삼동)",0n--,"동물용의료용구판매업강남구0       37.494576 1       37.527672 2       37.594165 3       37.528202 4       37.648003           ...     2583    37.483105 2584    37.504964 2585    37.508142 2586    37.513317 2587    37.482349 Name: 위도, Length: 2588, dtype: float640       126.899029 1       127.127090 2       127.018231 3       127.146117 4       127.034008            ...     2583    127.127887 2584    127.097409 2585    127.116629 2586    127.123137 2587    126.944271 Name: 경도, Length: 2588, dtype: float64"
동물용의료용구판매업,클라이네독,강남구,37.4974204,127.0316152,"서울특별시 강남구 테헤란로8길 22, 화인빌딩 225호 (역삼동)",0n--,"동물용의료용구판매업강남구0       37.494576 1       37.527672 2       37.594165 3       37.528202 4       37.648003           ...     2583    37.483105 2584    37.504964 2585    37.508142 2586    37.513317 2587    37.482349 Name: 위도, Length: 2588, dtype: float640       126.899029 1       127.127090 2       127.018231 3       127.146117 4       127.034008            ...     2583    127.127887 2584    127.097409 2585    127.116629 2586    127.123137 2587    126.944271 Name: 경도, Length: 2588, dtype: float64"
동물용의료용구판매업,주식회사 펫탑,용산구,37.5468259,126.9786127,"서울특별시 용산구 후암로4길 7, 지하1층 (후암동)",0n--,"동물용의료용구판매업용산구0       37.494576 1       37.527672 2       37.594165 3       37.528202 4       37.648003           ...     2583    37.483105 2584    37.504964 2585    37.508142 2586    37.513317 2587    37.482349 Name: 위도, Length: 2588, dtype: float640       126.899029 1       127.127090 2       127.018231 3       127.146117 4       127.034008            ...     2583    127.127887 2584    127.097409 2585    127.116629 2586    127.123137 2587    126.944271 Name: 경도, Length: 2588, dtype: float64"
동물용의료용구판매업,(주)케이비엠약품,강서구,37.5656521,126.8476921,"서울특별시 강서구 양천로 401, 강서한강자이타워 A층 313호 (가양동)",0n--,"동물용의료용구판매업강서구0       37.494576 1       37.527672 2       37.594165 3       37.528202 4       37.648003           ...     2583    37.483105 2584    37.504964 2585    37.508142 2586    37.513317 2587    37.482349 Name: 위도, Length: 2588, dtype: float640       126.899029 1       127.127090 2       127.018231 3       127.146117 4       127.034008            ...     2583    127.127887 2584    127.097409 2585    127.116629 2586    127.123137 2587    126.944271 Name: 경도, Length: 2588, dtype: float64"
동물용의료용구판매업,에스케이텔레콤(주),중구,37.5664923,126.9851095,"서울특별시 중구 을지로 65, SK텔레콤빌딩 (을지로2가)",0n--,"동물용의료용구판매업중구0       37.494576 1       37.527672 2       37.594165 3       37.528202 4       37.648003           ...     2583    37.483105 2584    37.504964 2585    37.508142 2586    37.513317 2587    37.482349 Name: 위도, Length: 2588, dtype: float640       126.899029 1       127.127090 2       127.018231 3       127.146117 4       127.034008            ...     2583    127.127887 2584    127.097409 2585    127.116629 2586    127.123137 2587    126.944271 Name: 경도, Length: 2588, dtype: float64"
동물용의료용구판매업,(주)펫닥,서초구,37.4846321,127.0279509,"서울특별시 서초구 서운로1길 34, 2층 (서초동, 한국산업기술진흥원)",0n--,"동물용의료용구판매업서초구0       37.494576 1       37.527672 2       37.594165 3       37.528202 4       37.648003           ...     2583    37.483105 2584    37.504964 2585    37.508142 2586    37.513317 2587    37.482349 Name: 위도, Length: 2588, dtype: float640       126.899029 1       127.127090 2       127.018231 3       127.146117 4       127.034008            ...     2583    127.127887 2584    127.097409 2585    127.116629 2586    127.123137 2587    126.944271 Name: 경도, Length: 2588, dtype: float64"
동물용의료용구판매업,(주)한독,강남구,37.4993254,127.0332229,"서울특별시 강남구 테헤란로 132, 15층 (역삼동, 한독약품빌딩)",0n--,"동물용의료용구판매업강남구0       37.494576 1       37.527672 2       37.594165 3       37.528202 4       37.648003           ...     2583    37.483105 2584    37.504964 2585    37.508142 2586    37.513317 2587    37.482349 Name: 위도, Length: 2588, dtype: float640       126.899029 1       127.127090 2       127.018231 3       127.146117 4       127.034008            ...     2583    127.127887 2584    127.097409 2585    127.116629 2586    127.123137 2587    126.944271 Name: 경도, Length: 2588, dtype: float64"
동물용의료용구판매업,(주)제일메디칼코퍼레이션,구로구,37.4841595,126.8994585,"서울특별시 구로구 디지털로34길 55, 702호 (구로동, 코오롱싸이언스밸리2차)",0n--,"동물용의료용구판매업구로구0       37.494576 1       37.527672 2       37.594165 3       37.528202 4       37.648003           ...     2583    37.483105 2584    37.504964 2585    37.508142 2586    37.513317 2587    37.482349 Name: 위도, Length: 2588, dtype: float640       126.899029 1       127.127090 2       127.018231 3       127.146117 4       127.034008            ...     2583    127.127887 2584    127.097409 2585    127.116629 2586    127.123137 2587    126.944271 Name: 경도, Length: 2588, dtype: float64"
동물용의료용구판매업,메디슨 코리아,서초구,37.4884264,127.0141123,"서울특별시 서초구 사임당로 39, 3층 314호 (서초동, 한성빌딩)",0n--,"동물용의료용구판매업서초구0       37.494576 1       37.527672 2       37.594165 3       37.528202 4       37.648003           ...     2583    37.483105 2584    37.504964 2585    37.508142 2586    37.513317 2587    37.482349 Name: 위도, Length: 2588, dtype: float640       126.899029 1       127.127090 2       127.018231 3       127.146117 4       127.034008            ...     2583    127.127887 2584    127.097409 2585    127.116629 2586    127.123137 2587    126.944271 Name: 경도, Length: 2588, dtype: float64"
동물용의료용구판매업,메디벳헬스케어,강서구,37.5669962,126.8170516,"서울특별시 강서구 방화대로 294, 8층 807-1호 (마곡동, 마곡더블유타워)",0n--,"동물용의료용구판매업강서구0       37.494576 1       37.527672 2       37.594165 3       37.528202 4       37.648003           ...     2583    37.483105 2584    37.504964 2585    37.508142 2586    37.513317 2587    37.482349 Name: 위도, Length: 2588, dtype: float640       126.899029 1       127.127090 2       127.018231 3       127.146117 4       127.034008            ...     2583    127.127887 2584    127.097409 2585    127.116629 2586    127.123137 2587    126.944271 Name: 경도, Length: 2588, dtype: float64"
동물용의료용구판매업,(주)싸이퍼일렉트로닉,은평구,37.601316,126.922145,"서울특별시 은평구 응암로 337, 6층 (응암동, 빛터룩스빌딩)",0n--,"동물용의료용구판매업은평구0       37.494576 1       37.527672 2       37.594165 3       37.528202 4       37.648003           ...     2583    37.483105 2584    37.504964 2585    37.508142 2586    37.513317 2587    37.482349 Name: 위도, Length: 2588, dtype: float640       126.899029 1       127.127090 2       127.018231 3       127.146117 4       127.034008            ...     2583    127.127887 2584    127.097409 2585    127.116629 2586    127.123137 2587    126.944271 Name: 경도, Length: 2588, dtype: float64"
동물용의료용구판매업,동아에스티(주),동대문구,37.573624,127.0302972,서울특별시 동대문구 천호대로 64 (용두동),0n--,"동물용의료용구판매업동대문구0       37.494576 1       37.527672 2       37.594165 3       37.528202 4       37.648003           ...     2583    37.483105 2584    37.504964 2585    37.508142 2586    37.513317 2587    37.482349 Name: 위도, Length: 2588, dtype: float640       126.899029 1       127.127090 2       127.018231 3       127.146117 4       127.034008            ...     2583    127.127887 2584    127.097409 2585    127.116629 2586    127.123137 2587    126.944271 Name: 경도, Length: 2588, dtype: float64"
동물용의료용구판매업,동아에스티(주),동대문구,37.573624,127.0302972,"서울특별시 동대문구 천호대로 64, 4층 6층 일부호 (용두동)",0n--,"동물용의료용구판매업동대문구0       37.494576 1       37.527672 2       37.594165 3       37.528202 4       37.648003           ...     2583    37.483105 2584    37.504964 2585    37.508142 2586    37.513317 2587    37.482349 Name: 위도, Length: 2588, dtype: float640       126.899029 1       127.127090 2       127.018231 3       127.146117 4       127.034008            ...     2583    127.127887 2584    127.097409 2585    127.116629 2586    127.123137 2587    126.944271 Name: 경도, Length: 2588, dtype: float64"
동물용의료용구판매업,퀴아젠코리아 유한회사,중구,37.5555057,126.9737678,"서울특별시 중구 한강대로 416, 5층 (남대문로5가, 서울스퀘어)",0n--,"동물용의료용구판매업중구0       37.494576 1       37.527672 2       37.594165 3       37.528202 4       37.648003           ...     2583    37.483105 2584    37.504964 2585    37.508142 2586    37.513317 2587    37.482349 Name: 위도, Length: 2588, dtype: float640       126.899029 1       127.127090 2       127.018231 3       127.146117 4       127.034008            ...     2583    127.127887 2584    127.097409 2585    127.116629 2586    127.123137 2587    126.944271 Name: 경도, Length: 2588, dtype: float64"
동물용의료용구판매업,주식회사 코리아젠,송파구,37.4776148,127.1249617,"서울특별시 송파구 충민로 66, 제지2층 FB2073호 (문정동, 가든파이브라이프)",0n--,"동물용의료용구판매업송파구0       37.494576 1       37.527672 2       37.594165 3       37.528202 4       37.648003           ...     2583    37.483105 2584    37.504964 2585    37.508142 2586    37.513317 2587    37.482349 Name: 위도, Length: 2588, dtype: float640       126.899029 1       127.127090 2       127.018231 3       127.146117 4       127.034008            ...     2583    127.127887 2584    127.097409 2585    127.116629 2586    127.123137 2587    126.944271 Name: 경도, Length: 2588, dtype: float64"
동물용의료용구판매업,루가노메디컬,중구,37.5648501,126.9731518,"서울특별시 중구 서소문로11길 50, 607호 (서소문동, 신아빌딩)",0n--,"동물용의료용구판매업중구0       37.494576 1       37.527672 2       37.594165 3       37.528202 4       37.648003           ...     2583    37.483105 2584    37.504964 2585    37.508142 2586    37.513317 2587    37.482349 Name: 위도, Length: 2588, dtype: float640       126.899029 1       127.127090 2       127.018231 3       127.146117 4       127.034008            ...     2583    127.127887 2584    127.097409 2585    127.116629 2586    127.123137 2587    126.944271 Name: 경도, Length: 2588, dtype: float64"
동물용의료용구판매업,보성과학(주)구로지점,구로구,37.4834351,126.8964929,"서울특별시 구로구 디지털로32길 30, 204호 (구로동, 코오롱디지털타워빌란트)",0n--,"동물용의료용구판매업구로구0       37.494576 1       37.527672 2       37.594165 3       37.528202 4       37.648003           ...     2583    37.483105 2584    37.504964 2585    37.508142 2586    37.513317 2587    37.482349 Name: 위도, Length: 2588, dtype: float640       126.899029 1       127.127090 2       127.018231 3       127.146117 4       127.034008            ...     2583    127.127887 2584    127.097409 2585    127.116629 2586    127.123137 2587    126.944271 Name: 경도, Length: 2588, dtype: float64"
동물용의료용구판매업,(주)엠디젠,영등포구,37.5402076,126.8920413,"서울특별시 영등포구 양평로24길 9, 상가1-7호 (양평동5가, 양평동한신아파트)",0n--,"동물용의료용구판매업영등포구0       37.494576 1       37.527672 2       37.594165 3       37.528202 4       37.648003           ...     2583    37.483105 2584    37.504964 2585    37.508142 2586    37.513317 2587    37.482349 Name: 위도, Length: 2588, dtype: float640       126.899029 1       127.127090 2       127.018231 3       127.146117 4       127.034008            ...     2583    127.127887 2584    127.097409 2585    127.116629 2586    127.123137 2587    126.944271 Name: 경도, Length: 2588, dtype: float64"
동물용의료용구판매업,주식회사 한미메드라인,강동구,37.5330076,127.1474641,"서울특별시 강동구 동남로49길 46-17, 2층 (둔촌동)",0n--,"동물용의료용구판매업강동구0       37.494576 1       37.527672 2       37.594165 3       37.528202 4       37.648003           ...     2583    37.483105 2584    37.504964 2585    37.508142 2586    37.513317 2587    37.482349 Name: 위도, Length: 2588, dtype: float640       126.899029 1       127.127090 2       127.018231 3       127.146117 4       127.034008            ...     2583    127.127887 2584    127.097409 2585    127.116629 2586    127.123137 2587    126.944271 Name: 경도, Length: 2588, dtype: float64"
동물용의료용구판매업,기가메디칼,강동구,37.5330076,127.1474641,서울특별시 강동구 동남로49길 46-17 (둔촌동),0n--,"동물용의료용구판매업강동구0       37.494576 1       37.527672 2       37.594165 3       37.528202 4       37.648003           ...     2583    37.483105 2584    37.504964 2585    37.508142 2586    37.513317 2587    37.482349 Name: 위도, Length: 2588, dtype: float640       126.899029 1       127.127090 2       127.018231 3       127.146117 4       127.034008            ...     2583    127.127887 2584    127.097409 2585    127.116629 2586    127.123137 2587    126.944271 Name: 경도, Length: 2588, dtype: float64"
동물용의료용구판매업,에이치필,중랑구,37.5866198,127.0879447,"서울특별시 중랑구 면목로 387, 4층 (면목동, 칠성빌딩)",0n--,"동물용의료용구판매업중랑구0       37.494576 1       37.527672 2       37.594165 3       37.528202 4       37.648003           ...     2583    37.483105 2584    37.504964 2585    37.508142 2586    37.513317 2587    37.482349 Name: 위도, Length: 2588, dtype: float640       126.899029 1       127.127090 2       127.018231 3       127.146117 4       127.034008            ...     2583    127.127887 2584    127.097409 2585    127.116629 2586    127.123137 2587    126.944271 Name: 경도, Length: 2588, dtype: float64"
동물용의료용구판매업,베트컴코리아(주),서초구,37.4678283,127.0448983,"서울특별시 서초구 강남대로6길 66-18 (양재동, 광산빌딩)",0n--,"동물용의료용구판매업서초구0       37.494576 1       37.527672 2       37.594165 3       37.528202 4       37.648003           ...     2583    37.483105 2584    37.504964 2585    37.508142 2586    37.513317 2587    37.482349 Name: 위도, Length: 2588, dtype: float640       126.899029 1       127.127090 2       127.018231 3       127.146117 4       127.034008            ...     2583    127.127887 2584    127.097409 2585    127.116629 2586    127.123137 2587    126.944271 Name: 경도, Length: 2588, dtype: float64"
동물용의료용구판매업,영일교역,중랑구,37.6110224,127.0761226,"서울특별시 중랑구 중랑역로 196-1, 2층 (묵동)",0n--,"동물용의료용구판매업중랑구0       37.494576 1       37.527672 2       37.594165 3       37.528202 4       37.648003           ...     2583    37.483105 2584    37.504964 2585    37.508142 2586    37.513317 2587    37.482349 Name: 위도, Length: 2588, dtype: float640       126.899029 1       127.127090 2       127.018231 3       127.146117 4       127.034008            ...     2583    127.127887 2584    127.097409 2585    127.116629 2586    127.123137 2587    126.944271 Name: 경도, Length: 2588, dtype: float64"
동물용의료용구판매업,아산제약(주),동대문구,37.5702675,127.0310604,"서울특별시 동대문구 청계천로 485 (신설동, 청계천 대성 스카이렉스1)",0n--,"동물용의료용구판매업동대문구0       37.494576 1       37.527672 2       37.594165 3       37.528202 4       37.648003           ...     2583    37.483105 2584    37.504964 2585    37.508142 2586    37.513317 2587    37.482349 Name: 위도, Length: 2588, dtype: float640       126.899029 1       127.127090 2       127.018231 3       127.146117 4       127.034008            ...     2583    127.127887 2584    127.097409 2585    127.116629 2586    127.123137 2587    126.944271 Name: 경도, Length: 2588, dtype: float64"
동물용의료용구판매업,히포사이언스,송파구,37.4849481,127.1162277,"서울특별시 송파구 법원로11길 25, 에이치비지니스파크 A동 지하층 122호 (문정동)",0n--,"동물용의료용구판매업송파구0       37.494576 1       37.527672 2       37.594165 3       37.528202 4       37.648003           ...     2583    37.483105 2584    37.504964 2585    37.508142 2586    37.513317 2587    37.482349 Name: 위도, Length: 2588, dtype: float640       126.899029 1       127.127090 2       127.018231 3       127.146117 4       127.034008            ...     2583    127.127887 2584    127.097409 2585    127.116629 2586    127.123137 2587    126.944271 Name: 경도, Length: 2588, dtype: float64"
동물용의료용구판매업,(주)일신씨엔엠,영등포구,37.5402076,126.8920413,"서울특별시 영등포구 양평로24길 9, 109동 17호 (양평동5가, 양평동한신아파트)",0n--,"동물용의료용구판매업영등포구0       37.494576 1       37.527672 2       37.594165 3       37.528202 4       37.648003           ...     2583    37.483105 2584    37.504964 2585    37.508142 2586    37.513317 2587    37.482349 Name: 위도, Length: 2588, dtype: float640       126.899029 1       127.127090 2       127.018231 3       127.146117 4       127.034008            ...     2583    127.127887 2584    127.097409 2585    127.116629 2586    127.123137 2587    126.944271 Name: 경도, Length: 2588, dtype: float64"
동물용의료용구판매업,(주)아미고글로벌,송파구,37.4776148,127.1249617,"서울특별시 송파구 충민로 66, T동 8020호 (문정동, 가든파이브라이프)",0n--,"동물용의료용구판매업송파구0       37.494576 1       37.527672 2       37.594165 3       37.528202 4       37.648003           ...     2583    37.483105 2584    37.504964 2585    37.508142 2586    37.513317 2587    37.482349 Name: 위도, Length: 2588, dtype: float640       126.899029 1       127.127090 2       127.018231 3       127.146117 4       127.034008            ...     2583    127.127887 2584    127.097409 2585    127.116629 2586    127.123137 2587    126.944271 Name: 경도, Length: 2588, dtype: float64"
동물용의료용구판매업,(사)남북경협경제인연합회,영등포구,37.514369,126.9260795,"서울특별시 영등포구 여의대방로61길 2, 908호 (신길동, 천록빌딩)",0n--,"동물용의료용구판매업영등포구0       37.494576 1       37.527672 2       37.594165 3       37.528202 4       37.648003           ...     2583    37.483105 2584    37.504964 2585    37.508142 2586    37.513317 2587    37.482349 Name: 위도, Length: 2588, dtype: float640       126.899029 1       127.127090 2       127.018231 3       127.146117 4       127.034008            ...     2583    127.127887 2584    127.097409 2585    127.116629 2586    127.123137 2587    126.944271 Name: 경도, Length: 2588, dtype: float64"
동물용의료용구판매업,주식회사 제타이미징,중구,37.5648501,126.9731518,"서울특별시 중구 서소문로11길 50, 607호 (서소문동)",0n--,"동물용의료용구판매업중구0       37.494576 1       37.527672 2       37.594165 3       37.528202 4       37.648003           ...     2583    37.483105 2584    37.504964 2585    37.508142 2586    37.513317 2587    37.482349 Name: 위도, Length: 2588, dtype: float640       126.899029 1       127.127090 2       127.018231 3       127.146117 4       127.034008            ...     2583    127.127887 2584    127.097409 2585    127.116629 2586    127.123137 2587    126.944271 Name: 경도, Length: 2588, dtype: float64"
동물용의료용구판매업,(주)타이렉스,서초구,37.4820079,127.0419928,서울특별시 서초구 논현로31길 14 (양재동),0n--,"동물용의료용구판매업서초구0       37.494576 1       37.527672 2       37.594165 3       37.528202 4       37.648003           ...     2583    37.483105 2584    37.504964 2585    37.508142 2586    37.513317 2587    37.482349 Name: 위도, Length: 2588, dtype: float640       126.899029 1       127.127090 2       127.018231 3       127.146117 4       127.034008            ...     2583    127.127887 2584    127.097409 2585    127.116629 2586    127.123137 2587    126.944271 Name: 경도, Length: 2588, dtype: float64"
동물용의료용구판매업,제네스,구로구,37.5003843,126.8898944,"서울특별시 구로구 공원로 41, 529호 (구로동)",0n--,"동물용의료용구판매업구로구0       37.494576 1       37.527672 2       37.594165 3       37.528202 4       37.648003           ...     2583    37.483105 2584    37.504964 2585    37.508142 2586    37.513317 2587    37.482349 Name: 위도, Length: 2588, dtype: float640       126.899029 1       127.127090 2       127.018231 3       127.146117 4       127.034008            ...     2583    127.127887 2584    127.097409 2585    127.116629 2586    127.123137 2587    126.944271 Name: 경도, Length: 2588, dtype: float64"
동물용의료용구판매업,지이헬스케어코리아(주),강남구,37.5174482,127.0406303,"서울특별시 강남구 학동로 343 (논현동, POBA 강남타워 7층, 8층)",0n--,"동물용의료용구판매업강남구0       37.494576 1       37.527672 2       37.594165 3       37.528202 4       37.648003           ...     2583    37.483105 2584    37.504964 2585    37.508142 2586    37.513317 2587    37.482349 Name: 위도, Length: 2588, dtype: float640       126.899029 1       127.127090 2       127.018231 3       127.146117 4       127.034008            ...     2583    127.127887 2584    127.097409 2585    127.116629 2586    127.123137 2587    126.944271 Name: 경도, Length: 2588, dtype: float64"
동물용의료용구판매업,지이헬스케어코리아(주),강남구,37.5174482,127.0406303,"서울특별시 강남구 학동로 343 (논현동, POBA강남타워 7층, 8층)",0n--,"동물용의료용구판매업강남구0       37.494576 1       37.527672 2       37.594165 3       37.528202 4       37.648003           ...     2583    37.483105 2584    37.504964 2585    37.508142 2586    37.513317 2587    37.482349 Name: 위도, Length: 2588, dtype: float640       126.899029 1       127.127090 2       127.018231 3       127.146117 4       127.034008            ...     2583    127.127887 2584    127.097409 2585    127.116629 2586    127.123137 2587    126.944271 Name: 경도, Length: 2588, dtype: float64"
동물용의료용구판매업,쥴릭파마코리아(주),용산구,37.5279871,126.9676597,"서울특별시 용산구 한강대로 92, 3층 (한강로2가)",0n--,"동물용의료용구판매업용산구0       37.494576 1       37.527672 2       37.594165 3       37.528202 4       37.648003           ...     2583    37.483105 2584    37.504964 2585    37.508142 2586    37.513317 2587    37.482349 Name: 위도, Length: 2588, dtype: float640       126.899029 1       127.127090 2       127.018231 3       127.146117 4       127.034008            ...     2583    127.127887 2584    127.097409 2585    127.116629 2586    127.123137 2587    126.944271 Name: 경도, Length: 2588, dtype: float64"
동물용의료용구판매업,(주)에스씨아이비에스,중랑구,37.609652,127.0743265,"서울특별시 중랑구 동일로157길 60, B동 306호 (묵동)",0n--,"동물용의료용구판매업중랑구0       37.494576 1       37.527672 2       37.594165 3       37.528202 4       37.648003           ...     2583    37.483105 2584    37.504964 2585    37.508142 2586    37.513317 2587    37.482349 Name: 위도, Length: 2588, dtype: float640       126.899029 1       127.127090 2       127.018231 3       127.146117 4       127.034008            ...     2583    127.127887 2584    127.097409 2585    127.116629 2586    127.123137 2587    126.944271 Name: 경도, Length: 2588, dtype: float64"
동물용의료용구판매업,(주)대석메드,영등포구,37.5143815,126.8991421,"서울특별시 영등포구 경인로 775, 1동 326호 (문래동3가, 에이스하이테크시티)",0n--,"동물용의료용구판매업영등포구0       37.494576 1       37.527672 2       37.594165 3       37.528202 4       37.648003           ...     2583    37.483105 2584    37.504964 2585    37.508142 2586    37.513317 2587    37.482349 Name: 위도, Length: 2588, dtype: float640       126.899029 1       127.127090 2       127.018231 3       127.146117 4       127.034008            ...     2583    127.127887 2584    127.097409 2585    127.116629 2586    127.123137 2587    126.944271 Name: 경도, Length: 2588, dtype: float64"
동물용의료용구판매업,씨앤지,송파구,37.4776148,127.1249617,"서울특별시 송파구 충민로 66, T동 8층 8020호 (문정동, 가든파이브라이프테크노관)",0n--,"동물용의료용구판매업송파구0       37.494576 1       37.527672 2       37.594165 3       37.528202 4       37.648003           ...     2583    37.483105 2584    37.504964 2585    37.508142 2586    37.513317 2587    37.482349 Name: 위도, Length: 2588, dtype: float640       126.899029 1       127.127090 2       127.018231 3       127.146117 4       127.034008            ...     2583    127.127887 2584    127.097409 2585    127.116629 2586    127.123137 2587    126.944271 Name: 경도, Length: 2588, dtype: float64"
동물용의료용구판매업,(주)디트리커뮤니케이션즈,강남구,37.525274,127.0472279,"서울특별시 강남구 압구정로 461, 지하1층 B111호 (청담동)",0n--,"동물용의료용구판매업강남구0       37.494576 1       37.527672 2       37.594165 3       37.528202 4       37.648003           ...     2583    37.483105 2584    37.504964 2585    37.508142 2586    37.513317 2587    37.482349 Name: 위도, Length: 2588, dtype: float640       126.899029 1       127.127090 2       127.018231 3       127.146117 4       127.034008            ...     2583    127.127887 2584    127.097409 2585    127.116629 2586    127.123137 2587    126.944271 Name: 경도, Length: 2588, dtype: float64"
동물용의료용구판매업,우주상사,광진구,37.544577,127.0879526,서울특별시 광진구 광나루로 528-8 (구의동),0n--,"동물용의료용구판매업광진구0       37.494576 1       37.527672 2       37.594165 3       37.528202 4       37.648003           ...     2583    37.483105 2584    37.504964 2585    37.508142 2586    37.513317 2587    37.482349 Name: 위도, Length: 2588, dtype: float640       126.899029 1       127.127090 2       127.018231 3       127.146117 4       127.034008            ...     2583    127.127887 2584    127.097409 2585    127.116629 2586    127.123137 2587    126.944271 Name: 경도, Length: 2588, dtype: float64"
동물용의료용구판매업,제이호홀딩스 주식회사,성동구,37.5416986,127.0169211,"서울특별시 성동구 한림말3길 2, 403호 (옥수동)",0n--,"동물용의료용구판매업성동구0       37.494576 1       37.527672 2       37.594165 3       37.528202 4       37.648003           ...     2583    37.483105 2584    37.504964 2585    37.508142 2586    37.513317 2587    37.482349 Name: 위도, Length: 2588, dtype: float640       126.899029 1       127.127090 2       127.018231 3       127.146117 4       127.034008            ...     2583    127.127887 2584    127.097409 2585    127.116629 2586    127.123137 2587    126.944271 Name: 경도, Length: 2588, dtype: float64"
동물용의료용구판매업,(주)바이오라이트,송파구,37.4776148,127.1249617,"서울특별시 송파구 충민로 66, T7141호 (문정동, 가든파이브라이프테크노관)",0n--,"동물용의료용구판매업송파구0       37.494576 1       37.527672 2       37.594165 3       37.528202 4       37.648003           ...     2583    37.483105 2584    37.504964 2585    37.508142 2586    37.513317 2587    37.482349 Name: 위도, Length: 2588, dtype: float640       126.899029 1       127.127090 2       127.018231 3       127.146117 4       127.034008            ...     2583    127.127887 2584    127.097409 2585    127.116629 2586    127.123137 2587    126.944271 Name: 경도, Length: 2588, dtype: float64"
동물용의료용구판매업,(주)성보사이언스,영등포구,37.5402076,126.8920413,"서울특별시 영등포구 양평로24길 9, 제108동 상가1층 10호 (양평동5가, 양평동한신아파트)",0n--,"동물용의료용구판매업영등포구0       37.494576 1       37.527672 2       37.594165 3       37.528202 4       37.648003           ...     2583    37.483105 2584    37.504964 2585    37.508142 2586    37.513317 2587    37.482349 Name: 위도, Length: 2588, dtype: float640       126.899029 1       127.127090 2       127.018231 3       127.146117 4       127.034008            ...     2583    127.127887 2584    127.097409 2585    127.116629 2586    127.123137 2587    126.944271 Name: 경도, Length: 2588, dtype: float64"
동물용의료용구판매업,한국조에티스 주식회사,강남구,37.5047779,127.0512304,"서울특별시 강남구 테헤란로 412, T412 13층 (대치동)",0n--,"동물용의료용구판매업강남구0       37.494576 1       37.527672 2       37.594165 3       37.528202 4       37.648003           ...     2583    37.483105 2584    37.504964 2585    37.508142 2586    37.513317 2587    37.482349 Name: 위도, Length: 2588, dtype: float640       126.899029 1       127.127090 2       127.018231 3       127.146117 4       127.034008            ...     2583    127.127887 2584    127.097409 2585    127.116629 2586    127.123137 2587    126.944271 Name: 경도, Length: 2588, dtype: float64"
동물용의료용구판매업,KH메디칼,동대문구,37.5916036,127.0500838,서울특별시 동대문구 회기로 121 (회기동),0n--,"동물용의료용구판매업동대문구0       37.494576 1       37.527672 2       37.594165 3       37.528202 4       37.648003           ...     2583    37.483105 2584    37.504964 2585    37.508142 2586    37.513317 2587    37.482349 Name: 위도, Length: 2588, dtype: float640       126.899029 1       127.127090 2       127.018231 3       127.146117 4       127.034008            ...     2583    127.127887 2584    127.097409 2585    127.116629 2586    127.123137 2587    126.944271 Name: 경도, Length: 2588, dtype: float64"
동물용의료용구판매업,(주)둘리정보통신,서초구,37.4840586,127.0173602,서울특별시 서초구 서초중앙로 18 (서초동),0n--,"동물용의료용구판매업서초구0       37.494576 1       37.527672 2       37.594165 3       37.528202 4       37.648003           ...     2583    37.483105 2584    37.504964 2585    37.508142 2586    37.513317 2587    37.482349 Name: 위도, Length: 2588, dtype: float640       126.899029 1       127.127090 2       127.018231 3       127.146117 4       127.034008            ...     2583    127.127887 2584    127.097409 2585    127.116629 2586    127.123137 2587    126.944271 Name: 경도, Length: 2588, dtype: float64"
동물용의료용구판매업,(주)레이케어,용산구,37.536532,126.9729276,"서울특별시 용산구 한강대로 205, D동 7층 701호 (한강로1가, 용산파크자이)",0n--,"동물용의료용구판매업용산구0       37.494576 1       37.527672 2       37.594165 3       37.528202 4       37.648003           ...     2583    37.483105 2584    37.504964 2585    37.508142 2586    37.513317 2587    37.482349 Name: 위도, Length: 2588, dtype: float640       126.899029 1       127.127090 2       127.018231 3       127.146117 4       127.034008            ...     2583    127.127887 2584    127.097409 2585    127.116629 2586    127.123137 2587    126.944271 Name: 경도, Length: 2588, dtype: float64"
동물용의료용구판매업,(주)레이케어,마포구,37.5759989,126.8964231,서울특별시 마포구 상암동 23-6번지 101호,0n--,"동물용의료용구판매업마포구0       37.494576 1       37.527672 2       37.594165 3       37.528202 4       37.648003           ...     2583    37.483105 2584    37.504964 2585    37.508142 2586    37.513317 2587    37.482349 Name: 위도, Length: 2588, dtype: float640       126.899029 1       127.127090 2       127.018231 3       127.146117 4       127.034008            ...     2583    127.127887 2584    127.097409 2585    127.116629 2586    127.123137 2587    126.944271 Name: 경도, Length: 2588, dtype: float64"
동물용의료용구판매업,(주)포인트헬스케어,광진구,37.5536758,127.0873518,서울특별시 광진구 천호대로 632 (능동),0n--,"동물용의료용구판매업광진구0       37.494576 1       37.527672 2       37.594165 3       37.528202 4       37.648003           ...     2583    37.483105 2584    37.504964 2585    37.508142 2586    37.513317 2587    37.482349 Name: 위도, Length: 2588, dtype: float640       126.899029 1       127.127090 2       127.018231 3       127.146117 4       127.034008            ...     2583    127.127887 2584    127.097409 2585    127.116629 2586    127.123137 2587    126.944271 Name: 경도, Length: 2588, dtype: float64"
동물용의료용구판매업,주식회사 명인메디텍,송파구,37.4776148,127.1249617,"서울특별시 송파구 충민로 66, 에프-8009,8010호 (문정동, 가든파이브라이프)",0n--,"동물용의료용구판매업송파구0       37.494576 1       37.527672 2       37.594165 3       37.528202 4       37.648003           ...     2583    37.483105 2584    37.504964 2585    37.508142 2586    37.513317 2587    37.482349 Name: 위도, Length: 2588, dtype: float640       126.899029 1       127.127090 2       127.018231 3       127.146117 4       127.034008            ...     2583    127.127887 2584    127.097409 2585    127.116629 2586    127.123137 2587    126.944271 Name: 경도, Length: 2588, dtype: float64"
동물용의료용구판매업,바다르산스(주),종로구,37.5744989,127.0199147,서울특별시 종로구 숭인동 178-142 3층,0n--,"동물용의료용구판매업종로구0       37.494576 1       37.527672 2       37.594165 3       37.528202 4       37.648003           ...     2583    37.483105 2584    37.504964 2585    37.508142 2586    37.513317 2587    37.482349 Name: 위도, Length: 2588, dtype: float640       126.899029 1       127.127090 2       127.018231 3       127.146117 4       127.034008            ...     2583    127.127887 2584    127.097409 2585    127.116629 2586    127.123137 2587    126.944271 Name: 경도, Length: 2588, dtype: float64"
동물용의료용구판매업,(주)씨엘에이인터내셔날,서초구,37.4860272,127.0141232,"서울특별시 서초구 효령로55길 27 (서초동,로젠빌딩 1203호)",0n--,"동물용의료용구판매업서초구0       37.494576 1       37.527672 2       37.594165 3       37.528202 4       37.648003           ...     2583    37.483105 2584    37.504964 2585    37.508142 2586    37.513317 2587    37.482349 Name: 위도, Length: 2588, dtype: float640       126.899029 1       127.127090 2       127.018231 3       127.146117 4       127.034008            ...     2583    127.127887 2584    127.097409 2585    127.116629 2586    127.123137 2587    126.944271 Name: 경도, Length: 2588, dtype: float64"
동물용의료용구판매업,주식회사 엔에이치농협무역,강동구,37.5295323,127.1208701,"서울특별시 강동구 올림픽로48길 7, 1층 (성내동, 축협)",0n--,"동물용의료용구판매업강동구0       37.494576 1       37.527672 2       37.594165 3       37.528202 4       37.648003           ...     2583    37.483105 2584    37.504964 2585    37.508142 2586    37.513317 2587    37.482349 Name: 위도, Length: 2588, dtype: float640       126.899029 1       127.127090 2       127.018231 3       127.146117 4       127.034008            ...     2583    127.127887 2584    127.097409 2585    127.116629 2586    127.123137 2587    126.944271 Name: 경도, Length: 2588, dtype: float64"
동물용의료용구판매업,JS의료기,동대문구,37.5771738,127.0477765,서울특별시 동대문구 답십리로21길 21 (전농동),0n--,"동물용의료용구판매업동대문구0       37.494576 1       37.527672 2       37.594165 3       37.528202 4       37.648003           ...     2583    37.483105 2584    37.504964 2585    37.508142 2586    37.513317 2587    37.482349 Name: 위도, Length: 2588, dtype: float640       126.899029 1       127.127090 2       127.018231 3       127.146117 4       127.034008            ...     2583    127.127887 2584    127.097409 2585    127.116629 2586    127.123137 2587    126.944271 Name: 경도, Length: 2588, dtype: float64"
동물용의료용구판매업,여라의료기,양천구,37.5377228,126.8277983,"서울특별시 양천구 남부순환로33길 1 (신월동,1층)",0n--,"동물용의료용구판매업양천구0       37.494576 1       37.527672 2       37.594165 3       37.528202 4       37.648003           ...     2583    37.483105 2584    37.504964 2585    37.508142 2586    37.513317 2587    37.482349 Name: 위도, Length: 2588, dtype: float640       126.899029 1       127.127090 2       127.018231 3       127.146117 4       127.034008            ...     2583    127.127887 2584    127.097409 2585    127.116629 2586    127.123137 2587    126.944271 Name: 경도, Length: 2588, dtype: float64"
동물용의료용구판매업,주)베라인터내셔널,강북구,37.6342352,127.0197503,서울특별시 강북구 덕릉로 54 (수유동),0n--,"동물용의료용구판매업강북구0       37.494576 1       37.527672 2       37.594165 3       37.528202 4       37.648003           ...     2583    37.483105 2584    37.504964 2585    37.508142 2586    37.513317 2587    37.482349 Name: 위도, Length: 2588, dtype: float640       126.899029 1       127.127090 2       127.018231 3       127.146117 4       127.034008            ...     2583    127.127887 2584    127.097409 2585    127.116629 2586    127.123137 2587    126.944271 Name: 경도, Length: 2588, dtype: float64"
동물용의료용구판매업,(주)메드로코리아,종로구,37.5738597,127.0224352,서울특별시 종로구 숭인동 1404번지 타임빌딩202호,0n--,"동물용의료용구판매업종로구0       37.494576 1       37.527672 2       37.594165 3       37.528202 4       37.648003           ...     2583    37.483105 2584    37.504964 2585    37.508142 2586    37.513317 2587    37.482349 Name: 위도, Length: 2588, dtype: float640       126.899029 1       127.127090 2       127.018231 3       127.146117 4       127.034008            ...     2583    127.127887 2584    127.097409 2585    127.116629 2586    127.123137 2587    126.944271 Name: 경도, Length: 2588, dtype: float64"
동물용의료용구판매업,세진교역,송파구,37.499208,127.1009192,"서울특별시 송파구 가락로 41, 403호 (석촌동, 우암빌딩)",0n--,"동물용의료용구판매업송파구0       37.494576 1       37.527672 2       37.594165 3       37.528202 4       37.648003           ...     2583    37.483105 2584    37.504964 2585    37.508142 2586    37.513317 2587    37.482349 Name: 위도, Length: 2588, dtype: float640       126.899029 1       127.127090 2       127.018231 3       127.146117 4       127.034008            ...     2583    127.127887 2584    127.097409 2585    127.116629 2586    127.123137 2587    126.944271 Name: 경도, Length: 2588, dtype: float64"
동물용의료용구판매업,(주)동도바이오텍,중랑구,37.5957084,127.0720451,"서울특별시 중랑구 중랑천로 117, 501호 (중화동, 정광빌딩)",0n--,"동물용의료용구판매업중랑구0       37.494576 1       37.527672 2       37.594165 3       37.528202 4       37.648003           ...     2583    37.483105 2584    37.504964 2585    37.508142 2586    37.513317 2587    37.482349 Name: 위도, Length: 2588, dtype: float640       126.899029 1       127.127090 2       127.018231 3       127.146117 4       127.034008            ...     2583    127.127887 2584    127.097409 2585    127.116629 2586    127.123137 2587    126.944271 Name: 경도, Length: 2588, dtype: float64"
동물용의료용구판매업,(주)영동싸이언스,종로구,37.570157,126.9931095,서울특별시 종로구 종로3가 147번지 금천빌딩205,0n--,"동물용의료용구판매업종로구0       37.494576 1       37.527672 2       37.594165 3       37.528202 4       37.648003           ...     2583    37.483105 2584    37.504964 2585    37.508142 2586    37.513317 2587    37.482349 Name: 위도, Length: 2588, dtype: float640       126.899029 1       127.127090 2       127.018231 3       127.146117 4       127.034008            ...     2583    127.127887 2584    127.097409 2585    127.116629 2586    127.123137 2587    126.944271 Name: 경도, Length: 2588, dtype: float64"
동물용의료용구판매업,(주)렉스팩인터내셔널,서초구,37.4769143,127.0447831,서울특별시 서초구 양재동 275-2 번지 윈드스톤호피스텔 702호,0n--,"동물용의료용구판매업서초구0       37.494576 1       37.527672 2       37.594165 3       37.528202 4       37.648003           ...     2583    37.483105 2584    37.504964 2585    37.508142 2586    37.513317 2587    37.482349 Name: 위도, Length: 2588, dtype: float640       126.899029 1       127.127090 2       127.018231 3       127.146117 4       127.034008            ...     2583    127.127887 2584    127.097409 2585    127.116629 2586    127.123137 2587    126.944271 Name: 경도, Length: 2588, dtype: float64"
동물용의료용구판매업,(주)에릭스,양천구,37.5262637,126.8500952,서울특별시 양천구 신정동 939-1 번지 일광빌딩 4층,0n--,"동물용의료용구판매업양천구0       37.494576 1       37.527672 2       37.594165 3       37.528202 4       37.648003           ...     2583    37.483105 2584    37.504964 2585    37.508142 2586    37.513317 2587    37.482349 Name: 위도, Length: 2588, dtype: float640       126.899029 1       127.127090 2       127.018231 3       127.146117 4       127.034008            ...     2583    127.127887 2584    127.097409 2585    127.116629 2586    127.123137 2587    126.944271 Name: 경도, Length: 2588, dtype: float64"
동물용의료용구판매업,(주)동광메디텍,송파구,37.5043661,127.0954275,"서울특별시 송파구 백제고분로31길 19 (삼전동,3층)",0n--,"동물용의료용구판매업송파구0       37.494576 1       37.527672 2       37.594165 3       37.528202 4       37.648003           ...     2583    37.483105 2584    37.504964 2585    37.508142 2586    37.513317 2587    37.482349 Name: 위도, Length: 2588, dtype: float640       126.899029 1       127.127090 2       127.018231 3       127.146117 4       127.034008            ...     2583    127.127887 2584    127.097409 2585    127.116629 2586    127.123137 2587    126.944271 Name: 경도, Length: 2588, dtype: float64"
동물용의료용구판매업,히타치아로카메디칼한국 주식회사,강남구,37.5125309,127.0651661,서울특별시 강남구 봉은사로108길 39 (삼성동),0n--,"동물용의료용구판매업강남구0       37.494576 1       37.527672 2       37.594165 3       37.528202 4       37.648003           ...     2583    37.483105 2584    37.504964 2585    37.508142 2586    37.513317 2587    37.482349 Name: 위도, Length: 2588, dtype: float640       126.899029 1       127.127090 2       127.018231 3       127.146117 4       127.034008            ...     2583    127.127887 2584    127.097409 2585    127.116629 2586    127.123137 2587    126.944271 Name: 경도, Length: 2588, dtype: float64"
동물용의료용구판매업,주식회사 서울코퍼레이션,서초구,37.4937314,127.0194797,"서울특별시 서초구 서초중앙로22길 92-13 (서초동,화니빌딩 3층)",0n--,"동물용의료용구판매업서초구0       37.494576 1       37.527672 2       37.594165 3       37.528202 4       37.648003           ...     2583    37.483105 2584    37.504964 2585    37.508142 2586    37.513317 2587    37.482349 Name: 위도, Length: 2588, dtype: float640       126.899029 1       127.127090 2       127.018231 3       127.146117 4       127.034008            ...     2583    127.127887 2584    127.097409 2585    127.116629 2586    127.123137 2587    126.944271 Name: 경도, Length: 2588, dtype: float64"
동물용의료용구판매업,동경메디교역상사,종로구,37.5700726,126.9916621,서울특별시 종로구 종로3가 125-2번지 (3층),0n--,"동물용의료용구판매업종로구0       37.494576 1       37.527672 2       37.594165 3       37.528202 4       37.648003           ...     2583    37.483105 2584    37.504964 2585    37.508142 2586    37.513317 2587    37.482349 Name: 위도, Length: 2588, dtype: float640       126.899029 1       127.127090 2       127.018231 3       127.146117 4       127.034008            ...     2583    127.127887 2584    127.097409 2585    127.116629 2586    127.123137 2587    126.944271 Name: 경도, Length: 2588, dtype: float64"
동물용의료용구판매업,한국 IMV,서초구,37.5144156,127.0182834,서울특별시 서초구 잠원동 26-4 번지 5층,0n--,"동물용의료용구판매업서초구0       37.494576 1       37.527672 2       37.594165 3       37.528202 4       37.648003           ...     2583    37.483105 2584    37.504964 2585    37.508142 2586    37.513317 2587    37.482349 Name: 위도, Length: 2588, dtype: float640       126.899029 1       127.127090 2       127.018231 3       127.146117 4       127.034008            ...     2583    127.127887 2584    127.097409 2585    127.116629 2586    127.123137 2587    126.944271 Name: 경도, Length: 2588, dtype: float64"
동물용의료용구판매업,(주)서광라보텍,송파구,37.4930864,127.1469404,"서울특별시 송파구 오금로 523, 339동 28층 1호 (거여동, 트리지움)",0n--,"동물용의료용구판매업송파구0       37.494576 1       37.527672 2       37.594165 3       37.528202 4       37.648003           ...     2583    37.483105 2584    37.504964 2585    37.508142 2586    37.513317 2587    37.482349 Name: 위도, Length: 2588, dtype: float640       126.899029 1       127.127090 2       127.018231 3       127.146117 4       127.034008            ...     2583    127.127887 2584    127.097409 2585    127.116629 2586    127.123137 2587    126.944271 Name: 경도, Length: 2588, dtype: float64"
동물용의료용구판매업,(주)중앙진테크,서초구,37.4489033,127.0498241,서울특별시 서초구 원지동 312-3번지 솔향빌딩 2층 1호,0n--,"동물용의료용구판매업서초구0       37.494576 1       37.527672 2       37.594165 3       37.528202 4       37.648003           ...     2583    37.483105 2584    37.504964 2585    37.508142 2586    37.513317 2587    37.482349 Name: 위도, Length: 2588, dtype: float640       126.899029 1       127.127090 2       127.018231 3       127.146117 4       127.034008            ...     2583    127.127887 2584    127.097409 2585    127.116629 2586    127.123137 2587    126.944271 Name: 경도, Length: 2588, dtype: float64"
동물용의료용구판매업,세중무역상사,서초구,37.4853279,127.0042198,"서울특별시 서초구 명달로 90, 3층 (서초동)",0n--,"동물용의료용구판매업서초구0       37.494576 1       37.527672 2       37.594165 3       37.528202 4       37.648003           ...     2583    37.483105 2584    37.504964 2585    37.508142 2586    37.513317 2587    37.482349 Name: 위도, Length: 2588, dtype: float640       126.899029 1       127.127090 2       127.018231 3       127.146117 4       127.034008            ...     2583    127.127887 2584    127.097409 2585    127.116629 2586    127.123137 2587    126.944271 Name: 경도, Length: 2588, dtype: float64"
동물용의료용구판매업,피씨상사,종로구,37.5700132,126.9932073,서울특별시 종로구 장사동 57번지 2층2호,0n--,"동물용의료용구판매업종로구0       37.494576 1       37.527672 2       37.594165 3       37.528202 4       37.648003           ...     2583    37.483105 2584    37.504964 2585    37.508142 2586    37.513317 2587    37.482349 Name: 위도, Length: 2588, dtype: float640       126.899029 1       127.127090 2       127.018231 3       127.146117 4       127.034008            ...     2583    127.127887 2584    127.097409 2585    127.116629 2586    127.123137 2587    126.944271 Name: 경도, Length: 2588, dtype: float64"
